label,text
0,"Future work should explore the development of robust ethical frameworks for human-AI collaboration, moving beyond simple oversight to a model of synergistic partnership that preserves human dignity and agency, as initially proposed by @@CITATION."
0,"The ethical implications of neurotechnologies and brain-computer interfaces for personal identity and cognitive liberty remain an open question, demanding a principled approach to governance that builds upon the foundational work of @@CITATION."
0,"A significant avenue for future research involves operationalizing climate justice principles into concrete policy and corporate accountability mechanisms, extending the theoretical models developed by @@CITATION."
0,"The ethics of explainability and transparency in complex algorithmic systems, particularly in high-stakes domains like criminal justice, requires the development of context-specific standards that balance competing values, a challenge first outlined by @@CITATION."
0,"Future philosophical work must address the moral status of artificial agents as they approach sentience, developing a graduated framework of rights and responsibilities that moves beyond the anthropocentric focus critiqued by @@CITATION."
0,"There is an urgent need to develop intercultural and interfaith frameworks for global bioethics that can guide issues like germline editing and human enhancement, building on the comparative methodology pioneered by @@CITATION."
0,"The ethical dimensions of data colonialismâ€”the appropriation of human experience through dataâ€”require further analysis to formulate effective resistance and data sovereignty strategies, a task initiated by @@CITATION."
0,"Future research should investigate the moral responsibilities of technology platforms in shaping public discourse and democratic processes, moving from mere content moderation to a positive ethics of curation, as argued by @@CITATION."
0,"The concept of reparative justice for historical and ongoing systemic injustices needs renewed ethical analysis to inform contemporary policy, building upon the groundbreaking theories of @@CITATION."
0,"A crucial next step is the development of practical tools for ethical impact assessments in engineering and product design, creating processes that can be integrated into agile development cycles, a gap identified by @@CITATION."
0,"Future work should explore the ethical frameworks necessary to govern the development of artificial general intelligence, moving beyond current principles designed for narrow AI systems and addressing the profound societal shifts they may precipitate ( @@CITATION )."
0,"A critical next step involves developing empirically-validated methods for the ethical auditing of algorithmic systems, moving from abstract principles to measurable, enforceable standards of fairness and non-maleficence ( @@CITATION )."
0,Further research is needed to establish a robust ethical architecture for neurotechnologies that can protect cognitive liberty and mental privacy against the threat of what has been termed 'brain hacking' or neuromarketing ( @@CITATION ).
0,"The ethical implications of climate engineering, or solar radiation management, demand a dedicated program of research focused on governance, intergenerational justice, and the moral hazard it presents ( @@CITATION )."
0,"Future philosophical work must bridge the gap between abstract theories of collective responsibility and the practical, apportioned duties of individuals, corporations, and states in addressing structural injustices ( @@CITATION )."
0,"There is a pressing need to develop a comprehensive ethics of care for human-robot interaction, particularly for socially assistive robots in eldercare, to prevent deception and emotional exploitation ( @@CITATION )."
0,"Scholars should investigate the moral status of digital entities, such as highly sophisticated AI or potential digital minds, and how this status might obligate us in terms of rights and consideration ( @@CITATION )."
0,"The field would benefit from a systematic analysis of the role of forgiveness and moral repair in institutional and corporate contexts, moving beyond its traditional focus on interpersonal relationships ( @@CITATION )."
0,"A promising avenue for future work lies in applying virtue ethics and casuistic reasoning to the field of bioethics, providing an alternative to the dominant principlist framework for resolving clinical dilemmas ( @@CITATION )."
0,Further interdisciplinary research is crucial to develop cross-cultural frameworks for global AI ethics that respect moral pluralism without resorting to a minimalist or lowest-common-denominator approach ( @@CITATION ).
0,"Future work should explore the development of robust ethical frameworks for autonomous systems that can dynamically adapt to novel moral dilemmas in real-world environments, building upon the foundational principles outlined by @@CITATION."
0,"A critical avenue for future research lies in empirically investigating the long-term societal impacts of algorithmic bias in hiring and judicial systems, moving beyond theoretical critiques to actionable mitigation strategies as suggested by @@CITATION."
0,"The ethical implications of neuro-enhancement technologies for cognitive performance in competitive environments, such as academia and the workplace, remain an open question demanding rigorous philosophical and sociological inquiry, a challenge first articulated by @@CITATION."
0,"Future studies must address the significant gap in our understanding of the moral responsibilities of corporations in the age of climate change, particularly concerning intergenerational equity and non-human actors, a problem space mapped by @@CITATION."
0,"There is a pressing need to develop culturally-sensitive and non-Western-centric frameworks for data privacy and consent, which could build upon the comparative ethical analysis pioneered by @@CITATION."
0,"The ethical governance of advanced artificial general intelligence (AGI) systems, including questions of value alignment and control, represents a paramount future challenge that requires interdisciplinary collaboration between ethicists, computer scientists, and policymakers, as initially cautioned by @@CITATION."
0,"Further philosophical work is required to reconcile the concept of individual autonomy with the persuasive power of choice architecture and 'nudging' in digital platforms, a tension expertly highlighted by @@CITATION."
0,"The moral status of artificial entities, from simple chatbots to potential conscious AIs, demands a systematic ontological and ethical investigation to guide future legal and social policy, a project whose groundwork was laid by @@CITATION."
0,"Future empirical research should focus on the ethical dimensions of extended reality (XR), examining issues of hyper-realistic simulation, identity formation, and the blurring of physical and digital harms, as presciently questioned by @@CITATION."
0,"A promising path for future work involves applying virtue ethics and care ethics frameworks to the design and implementation of care-giving robots and AI companions, moving beyond purely utilitarian or deontological approaches, an integration first proposed by @@CITATION."
0,"Future research must urgently address the ethical frameworks required to govern the development of artificial general intelligence, moving beyond current principles to establish robust, enforceable mechanisms for control and value alignment, as initially problematized by @@CITATION."
0,"A critical avenue for future work lies in developing intersectional analyses of climate justice, examining how algorithmic tools for resource distribution in crisis scenarios can perpetuate or mitigate existing social inequities, building on the foundational critiques of @@CITATION."
0,"The ethics of cognitive enhancement technologies demand a new focus on neurorights, necessitating future work that translates philosophical conceptions of mental privacy and cognitive liberty into concrete legal and policy frameworks, as called for by @@CITATION."
0,"Empirical bioethics research is needed to investigate patient autonomy in the context of AI-driven diagnostic and prognostic tools, exploring how algorithmic opacity impacts informed consent and shared decision-making, a concern first raised by @@CITATION."
0,"Future interdisciplinary work must tackle the problem of algorithmic bias in hiring and credit scoring systems, developing auditable frameworks for fairness that are both mathematically rigorous and philosophically defensible, following the methodology proposed by @@CITATION."
0,"There is a significant gap in understanding the moral psychology of human-robot interaction; future studies should employ behavioral ethics experiments to quantify how proximity and embodiment influence moral accountability and the diffusion of responsibility, extending the work of @@CITATION."
0,"The ethical implications of large-scale data harvesting for public health surveillance require a new theory of solidarity that balances collective benefits against individual privacy, moving beyond the libertarian vs. utilitarian impasse outlined by @@CITATION."
0,"Research into the ethics of digital immortality and posthumous personhood is nascent; future work must establish criteria for the moral status of digital remains and the rights of data subjects after death, a challenge posed by @@CITATION."
0,"The deployment of autonomous weapons systems creates a responsibility gap that future work must address by developing formal models of meaningful human control and assigning traceable moral accountability for algorithmic actions, a problem starkly identified by @@CITATION."
0,"Future philosophical work is needed to construct a virtue ethics for the digital age, articulating how character traits like honesty, empathy, and courage can be cultivated and practiced in algorithmically mediated social environments, an project initiated by @@CITATION."
0,"Future research must develop robust ethical frameworks for the governance of autonomous systems operating in complex, multi-agent environments, moving beyond simple rule-based approaches to incorporate contextual and virtue-based reasoning (@@CITATION)."
0,"A critical avenue for future work lies in empirically investigating the long-term societal impacts of algorithmic bias, moving from identifying bias in isolated systems to understanding its compound effects on social structures and access to opportunity (@@CITATION)."
0,"Further philosophical and legal analysis is required to delineate the concept of 'moral responsibility' in human-AI collaborative decision-making, particularly in high-stakes fields like medicine and criminal justice (@@CITATION)."
0,"Future studies should explore the ethical implications of neurotechnologies and brain-computer interfaces, focusing on issues of cognitive liberty, mental privacy, and the potential for new forms of social inequality (@@CITATION)."
0,There is a pressing need to develop intercultural and cross-cultural frameworks for data ethics that can respect diverse values and norms without resorting to a simplistic universalism or ethical relativism (@@CITATION).
0,"The ethics of climate change adaptation and geoengineering strategies demand greater scrutiny, particularly concerning intergenerational justice and the ethical permissibility of technological interventions in planetary systems (@@CITATION)."
0,"Future work must address the 'democratic deficit' in AI governance, developing novel models for public participation and oversight in the development and deployment of influential algorithmic systems (@@CITATION)."
0,"An important trajectory for research involves applying a care ethics perspective to the design of social robots and AI assistants, focusing on the ethics of attachment, dependency, and the potential for deception in caregiving contexts (@@CITATION)."
0,"Further investigation is needed into the ethical dimensions of digital phenotyping and predictive analytics in mental health, balancing benefits against threats to autonomy and the right to a future open to possibility (@@CITATION)."
0,"The emerging field of AI alignment would benefit from integrating insights from moral philosophy to better define and operationalize complex, value-laden objectives beyond simple utility maximization (@@CITATION)."
0,"Future empirical investigation is needed to quantify the societal impact of algorithmic bias in hiring tools, building on the foundational ethical critiques established by @@CITATION."
0,"A crucial next step involves developing a robust ethical framework for neuro-rights, addressing the privacy and autonomy concerns raised by emerging brain-computer interface technologies, as preliminarily explored by @@CITATION."
0,"Future work must establish clearer guidelines for the attribution of moral responsibility within human-AI collaborative systems, moving beyond the philosophical groundwork laid by @@CITATION."
0,"The ethical implications of large language models for cultural representation and linguistic hegemony warrant deeper analysis, extending the initial concerns noted by @@CITATION regarding technological colonialism."
0,"A significant gap remains in applying virtue ethics to the design of social media platforms; future research should operationalize concepts of digital flourishing, following the theoretical lead of @@CITATION."
0,"The intersection of climate justice and intergenerational ethics demands more sophisticated models for weighing future lives against present costs, a challenge first articulated in its modern form by @@CITATION."
0,"Future philosophical work is required to reconcile the principle of explainability in AI with the operational realities of complex deep learning systems, critically engaging with the trade-offs identified by @@CITATION."
0,Empirical studies tracking the long-term societal effects of implementing a universal basic income are an essential future endeavor to ground the ethical debates pioneered by @@CITATION in concrete data.
0,"The ethics of human enhancement through genetic technologies requires renewed scrutiny in light of CRISPR-based gene drives, moving from the individual-focused analysis of @@CITATION to a population-level framework."
0,"Research must now turn to the development of intercultural, global standards for data sovereignty and governance, building upon the critique of Western-centric models initiated by @@CITATION."
0,"Future work must rigorously explore the ethical frameworks required to govern artificial general intelligence (AGI), moving beyond principles designed for narrow AI to address issues of control, value alignment, and moral patienthood ( @@CITATION )."
0,"A critical underexplored area is the ethics of climate engineering; future research should develop robust normative models for the just deployment and governance of solar radiation management technologies, considering intergenerational equity and geopolitical justice ( @@CITATION )."
0,"The ethical implications of neurotechnologies for cognitive liberty and personal identity demand further investigation, particularly as they move from therapeutic to enhancement applications, requiring new legal and philosophical frameworks for mental privacy and self-determination ( @@CITATION )."
0,"Future studies should empirically assess the long-term societal impact of algorithmic bias in hiring, lending, and criminal justice, moving beyond identifying bias to proposing and testing concrete mechanisms for auditing, accountability, and redress ( @@CITATION )."
0,"The concept of 'data colonialism' requires deeper philosophical grounding to understand how the extraction and control of data replicates patterns of historical exploitation, and to articulate a post-colonial ethics for the digital economy ( @@CITATION )."
0,"As robotic companions become more sophisticated, a significant avenue for future work is the development of an ethics of human-robot relationships, examining the potential for deception, emotional dependency, and the moral duties owed to users ( @@CITATION )."
0,"The ethical dimensions of explainable AI (XAI) remain underdeveloped; future research must bridge the gap between technical explainability and genuinely meaningful human understanding, particularly for vulnerable stakeholders in high-stakes domains ( @@CITATION )."
0,"A pressing need exists for a comprehensive ethical analysis of the metaverse, focusing on novel forms of harassment, property rights, the governance of virtual societies, and the blurring of physical and digital realities ( @@CITATION )."
0,"Future work should investigate the moral responsibilities of platform companies as de facto regulators of public discourse, developing frameworks that balance free expression with the duty to protect democratic processes and vulnerable groups from coordinated harm ( @@CITATION )."
0,"The application of virtue ethics to technology design represents a fertile ground for future research, moving beyond procedural checks to cultivate technomoral virtues in engineers and design processes that encourage human flourishing ( @@CITATION )."
0,"A crucial avenue for future work involves developing computationally tractable models for quantifying and auditing algorithmic bias, moving beyond mere identification to proactive mitigation, as suggested by the methodological approaches of @@CITATION."
0,"Future research should empirically test the implementation of ethical frameworks for human-AI collaboration in high-stakes environments, such as medical diagnostics or autonomous vehicles, building on the foundational principles outlined by @@CITATION."
0,"The ethical implications of neurotechnologies and brain-computer interfaces for personal identity and cognitive liberty require a new conceptual framework, potentially integrating the work on moral patiency from @@CITATION with contemporary philosophy of mind."
0,"Further investigation is needed into the moral responsibilities of platform designers in shaping public discourse, particularly in developing design patterns that foster deliberative democracy rather than polarization, extending the initial proposals of @@CITATION."
0,"The concept of a ""right to be forgotten"" must be critically re-evaluated in the context of large language models and their training data, necessitating a technical and philosophical analysis that builds upon the privacy scholarship of @@CITATION."
0,"Future ethical frameworks for climate engineering and geoengineering must address the intergenerational justice concerns and the problem of moral hazard, requiring a synthesis of the work by @@CITATION on future persons and global governance."
0," An important direction for future research is the development of robust verifiable mechanisms for obtaining informed consent in the use of personal data for AI training, drawing on the consent models proposed by @@CITATION in bioethics and adapting them for digital contexts."
0,"The ethical dimensions of digital phenotyping and the use of behavioral data for predicting mental health outcomes demand a focused analysis on autonomy and exploitation, building upon the critiques of surveillance capitalism offered by @@CITATION."
0,"The moral status of artificial agents, particularly as they approach greater levels of sophistication and behavioral coherence, warrants a systematic philosophical inquiry that moves beyond the seminal but limited criteria established by @@CITATION."
0,"Operationalizing the principle of explicability in AI systems requires developing standardized metrics for assessing and comparing the quality of explanations across different domains and user groups, a challenge initially mapped by @@CITATION."
0,"Future work must address the ethical governance of autonomous systems operating in morally ambiguous environments, building upon the preliminary frameworks for Lethal Autonomous Weapons Systems (LAWS) proposed by @@CITATION."
0,"A critical avenue for future research lies in developing empirically-grounded models of algorithmic fairness that can be dynamically audited across different cultural contexts, moving beyond the static, Western-centric definitions critiqued by @@CITATION."
0,"The ethical implications of neurotechnologies for cognitive liberty and mental privacy, as initially scoped by @@CITATION, demand urgent philosophical and legal elaboration as these technologies approach commercial viability."
0,"Future studies should investigate the normative dimensions of ""data colonialism"" and the fair distribution of benefits derived from large-scale biomedical data repositories, a pressing issue highlighted but not fully resolved by @@CITATION."
0,"There is a significant gap in understanding the intersection of climate justice and intergenerational ethics, particularly regarding the moral weight of future persons in present-day policy decisions, a complex problem outlined by @@CITATION."
0,"The burgeoning field of AI ethics would benefit from a systematic exploration of virtue ethics frameworks for AI design and development, moving beyond the predominant principlist approaches, as called for by @@CITATION."
0,"Future philosophical work is needed to rigorously define and operationalize a concept of ""meaningful human control"" over increasingly autonomous AI systems, building on the foundational work in military ethics by @@CITATION."
0,"The ethical challenges posed by synthetic biology and gene-editing technologies, particularly concerning the concept of ""human nature"" and species integrity, require deeper philosophical engagement beyond the current bioethical discourse, as argued by @@CITATION."
0,"An important future direction involves developing cross-cultural ethical frameworks for global AI governance that can accommodate pluralistic values without falling into ethical relativism, a challenge first seriously posed by @@CITATION."
0,"Research into the ethics of explainable AI (XAI) must progress from technical solutions to a richer understanding of the moral right to explanation and its limits in various domains, a necessary step following the conceptual groundwork laid by @@CITATION."
0,"Future work should explore the ethical frameworks necessary to govern the use of neurotechnologies for cognitive enhancement, moving beyond traditional medical ethics to address issues of identity, autonomy, and cognitive liberty, as initially problematized by @@CITATION."
0,"The development of a robust theory of ""data justice"" that can inform algorithmic fairness audits and the design of equitable AI systems remains a critical, underdeveloped area, building upon the foundational critiques of bias in big data initiated by @@CITATION."
0,"A significant open question is how to operationalize a multi-stakeholder, deliberative process for the ethical review of autonomous weapons systems, moving beyond theoretical debates to practical governance models, a challenge first outlined by @@CITATION."
0,"Future empirical research must investigate the long-term societal impacts of human-robot interaction, particularly concerning the erosion of human empathy and social bonds, a concern raised but not yet fully substantiated by @@CITATION."
0,"There is an urgent need to develop ethical guidelines for the use of AI in climate engineering and planetary-scale interventions, a domain where traditional environmental ethics must be radically updated, as argued by @@CITATION."
0,"The ethical implications of AI-driven personalized persuasion in consumer and political contexts demand a deeper philosophical analysis of autonomy and manipulation in the digital age, extending the initial work of @@CITATION on hyper-nudging."
0,"Future work should aim to formalize the concept of ""explainability"" in AI not just as a technical requirement but as a moral right, establishing its necessary and sufficient conditions for different contexts and stakeholders, a project called for by @@CITATION."
0,"A promising avenue for research is the application of care ethics and feminist philosophy to the design of social robots and AI assistants for elder care, moving beyond a purely rights-based approach to one centered on relationality and dependency, as suggested by @@CITATION."
0,"The ethical dimensions of the ""metaverse"" and persistent virtual worlds, including questions of digital property rights, virtual harm, and the governance of synthetic societies, represent a vast and largely uncharted territory for future inquiry, foreseen by @@CITATION."
0,"A critical gap exists in understanding how to ethically integrate AI into the future of work in a way that promotes human flourishing rather than mere efficiency, requiring a synthesis of ethics, economics, and political philosophy that builds on the warnings of @@CITATION."
